document_id,title,agency,file_group,graph_community,degree,weighted_degree,betweenness,pca_1,pca_2
doc_0003,"State Department UAP Cable 1, Papua New Guinea, January 28, 1985",Department of State,PDF,0,8,6.800784409046173,0.004595662339756511,-0.13233612477779388,0.08840648829936981
doc_0004,"State Department UAP Cable 2, Kazakhstan, January 31, 1994",Department of State,PDF,0,8,6.973147392272949,0.01185197129726679,-0.1376911699771881,0.09962558001279831
doc_0001,59_214434_SP 16 [7.18.1963],Department of State,PDF,1,9,7.999908924102783,0.0029831492380875593,-0.12361081689596176,0.22695069015026093
doc_0002,59_64634_711.5612[7-2852,Department of State,PDF,1,8,7.111602544784546,0.0,-0.1184367761015892,0.23800420761108398
doc_0006,"State Department UAP Cable 4, Ashgabat, Turkmenistan, November 5, 2004",Department of State,PDF,0,8,6.875519692897797,0.0006450052406675804,-0.17220689356327057,0.08459382504224777
doc_0007,"State Department UAP Cable 5, Mexico, September 16, 2003",Department of State,PDF,0,8,6.884864151477814,0.002015641377086189,-0.10028856992721558,0.06901904940605164
doc_0005,"State Department UAP Cable 3, Tbilisi, Georgia, October 30, 2001",Department of State,PDF,0,8,6.949681401252747,0.005563170200757881,-0.16794218122959137,0.07412794977426529
doc_0009,18_100754_ General 1946-7_Vol_2,Department of War,PDF,1,11,10.065409481525421,0.0001612513101668951,-0.13808727264404297,0.24288712441921234
doc_0008,USPER Statement about UAP Sighting,Department of State,PDF,0,8,6.874417304992676,0.0,-0.030698789283633232,0.008785450831055641
doc_0010,18_6369445_General_1948_Vol_1,Department of War,PDF,1,11,10.07032859325409,0.004353785374506168,-0.13938599824905396,0.2380625307559967
doc_0011,331_120752_Numeric_Files_1944–1945_37153_German_Armament_Equipment_Documents,Department of War,PDF,1,9,8.039837956428528,0.0,-0.15630881488323212,0.1815946102142334
doc_0012,341_110448_Records_Relating_to_the_Collection_and_Dissemination_of_Intelligence_1948-1955-TS_CONT_No.2_2-5300-2-5399,Department of War,PDF,1,9,7.937103033065796,0.0,-0.13868862390518188,0.18039052188396454
doc_0014,342_HS1-416511228_319.1 Flying Discs 1949,Department of War,PDF,1,19,17.367280423641205,0.09263887769088124,-0.15011154115200043,0.24511049687862396
doc_0013,"341_110677_Numerical_File,_5-2500",Department of War,PDF,1,9,7.747367858886719,0.0010481335160848182,-0.14984939992427826,0.16126099228858948
doc_0015,38_143685_box7_Incident_Summaries_1-100,Department of War,PDF,1,12,11.116496205329895,8.062565508344755e-05,-0.14867866039276123,0.24030697345733643
doc_0016,38_143685_box_Incident_Summaries_101-172,Department of War,PDF,1,14,12.878051459789276,0.005160041925340643,-0.1459634155035019,0.241817906498909
doc_0017,38_143685_box_Incident_Summaries_173-233,Department of War,PDF,1,12,10.986586809158325,0.0,-0.15113893151283264,0.2427944391965866
doc_0019,"DOW-UAP-D19, Mission Report, Syria, February 21, 2023",Department of War,PDF,0,8,7.58391946554184,8.062565508344755e-05,-0.1869918256998062,-0.10720205307006836
doc_0018,"DOW-UAP-D12, Mission Report, Iraq, May 2022",Department of War,PDF,0,9,8.492754876613617,0.00024187696525034265,-0.19688443839550018,-0.12378688156604767
doc_0021,"DOW-UAP-D25, Mission Report, Greece, January 2024",Department of War,PDF,0,9,8.395629465579987,0.004918164960090301,-0.17213377356529236,-0.13371922075748444
doc_0022,"DOW-UAP-D27, Mission Report, United Arab Emirates, October 2023",Department of War,PDF,0,17,15.716670155525208,0.022817060388615657,-0.18267984688282013,-0.14757125079631805
doc_0024,"DOW-UAP-D3, Mission Report, Arabian Gulf, 2020",Department of War,PDF,0,18,16.4867947101593,0.06022736434733532,-0.163674458861351,-0.13686808943748474
doc_0023,"DOW-UAP-D28, Mission Report, Iraq, September 2024",Department of War,PDF,0,8,7.565169095993042,0.006530678061759252,-0.16837382316589355,-0.14012210071086884
doc_0020,"DOW-UAP-D20, Mission Report, Southern United States, 2020",Department of War,PDF,0,8,7.5181127190589905,0.0,-0.16788065433502197,-0.13559122383594513
doc_0026,"DOW-UAP-D44, Range Fouler Reporting Form, Gulf of Aden, October 2020",Department of War,PDF,0,8,7.438285708427429,0.0006450052406675804,-0.11706701666116714,-0.12194173038005829
doc_0025,"DOW-UAP-D42, Range Fouler Debrief, Japan, 2023",Department of War,PDF,0,8,7.3124173283576965,0.0,-0.06972246617078781,-0.11922410130500793
doc_0027,"DOW-UAP-D48, Department of the Air Force Report, 1996",Department of War,PDF,1,8,6.972517609596252,0.09562202692896879,-0.13942621648311615,0.06101234629750252
doc_0028,"DOW-UAP-D49, Launch Summary, Vandenberg AFB, 2000",Department of War,PDF,1,8,6.87519383430481,0.008223816818511651,-0.11471744626760483,0.06294884532690048
doc_0029,"DOW-UAP-D4, Mission Report, Arabian Gulf, 2020",Department of War,PDF,0,10,9.320500075817108,0.0001612513101668951,-0.13071826100349426,-0.1929270476102829
doc_0030,"DOW-UAP-D50, Email Correspondence, INDOPACOM, April 2025",Department of War,PDF,0,8,7.190209448337555,0.0,-0.11791270971298218,-0.05283141881227493
doc_0032,"DOW-UAP-D52, Email Correspondance, NA, August 2024",Department of War,PDF,0,9,7.971243679523468,0.0016931387567523987,-0.0842079147696495,-0.044572070240974426
doc_0031,"DOW-UAP-D51, Email Correspondence, Pacific Time Zone, March 2023",Department of War,PDF,0,8,7.142871916294098,0.0,-0.12011075764894485,-0.07341814041137695
doc_0033,"DOW-UAP-D54, Mission Report, Mediterranean Sea, NA",Department of War,PDF,0,10,9.118639051914215,0.056841086833830524,-0.13350634276866913,-0.05332599952816963
doc_0034,"DOW-UAP-D55, Mission Report, Syria, November 2016",Department of War,PDF,0,8,7.20053493976593,0.0012093848262517133,-0.0611482635140419,-0.1163240596652031
doc_0035,"DOW-UAP-D56, Range Fouler Debrief, Arabian Sea, August 2020",Department of War,PDF,0,9,8.32318663597107,0.00040312827541723773,-0.10367223620414734,-0.13686338067054749
doc_0036,"DOW-UAP-D57, Range Fouler Reporting Form, Gulf of Aden, September 2020",Department of War,PDF,0,8,7.419418573379517,0.0,-0.12396150082349777,-0.11318079382181168
doc_0037,"DOW-UAP-D58, Range Fouler Debrief, NA, October 2020",Department of War,PDF,0,8,7.322459101676941,0.0,-0.09492042660713196,-0.05499615520238876
doc_0038,"DOW-UAP-D5, Mission Report, Arabian Gulf, 2020",Department of War,PDF,0,10,9.317108631134033,0.0010481335160848182,-0.14566726982593536,-0.18451251089572906
doc_0040,"DOW-UAP-D61, Mission Report, Persian Gulf, August 2020",Department of War,PDF,0,19,17.595028579235077,0.015641377086188825,-0.1611567586660385,-0.13919338583946228
doc_0041,"DOW-UAP-D62, Mission Report, Strait of Hormuz, September 2020",Department of War,PDF,0,9,8.569166421890259,0.0011287591711682658,-0.18839871883392334,-0.1524232029914856
doc_0039,"DOW-UAP-D60, Mission Report, Persian Gulf, August 2020",Department of War,PDF,0,9,8.58114641904831,0.0035475288236716924,-0.21655739843845367,-0.14845605194568634
doc_0043,"DOW-UAP-D64, Mission Report, Iran, November 2020",Department of War,PDF,0,16,14.661684811115265,0.013061356123518504,-0.1357313096523285,-0.13981856405735016
doc_0042,"DOW-UAP-D63, Mission Report, Strait of Hormuz, October 2020",Department of War,PDF,0,14,12.890594780445099,0.0007256308957510279,-0.140709787607193,-0.15296712517738342
doc_0045,"DOW-UAP-D6, Mission Report, Arabian Gulf, 2020",Department of War,PDF,0,10,9.32375019788742,0.0044344110295896156,-0.10116636008024216,-0.15473046898841858
doc_0044,"DOW-UAP-D65, Mission Report, Persian Gulf, July 2020",Department of War,PDF,0,24,21.99471342563629,0.06022736434733532,-0.18945401906967163,-0.13157419860363007
doc_0046,"DOW-UAP-D74, Mission Report, Syria, November 2023",Department of War,PDF,0,12,11.128478825092316,0.007095057647343385,-0.20648393034934998,-0.11136379092931747
doc_0047,"DOW-UAP-D75, Mission Report, Gulf of Aden, July 2024",Department of War,PDF,0,12,11.16778439283371,0.04869789567040232,-0.19604870676994324,-0.13867279887199402
doc_0049,"DOW-UAP-D8, Mission Report, Djibouti, 2025",Department of War,PDF,0,9,8.273699879646301,0.13924050632911392,-0.08604393899440765,-0.12396052479743958
doc_0048,"DOW-UAP-D7, Mission Report, Arabian Gulf, 2020",Department of War,PDF,0,10,9.31352025270462,8.062565508344755e-05,-0.13350673019886017,-0.2051045298576355
doc_0050,"DOW-UAP-PR19, Unresolved UAP Report, Middle East, May 2022",Department of War,PDF,0,9,8.48498672246933,0.0,-0.19773919880390167,-0.12522681057453156
doc_0051,"DOW-UAP-PR20, Unresolved UAP Report, Kuwait, May 2022",Department of War,PDF,0,8,7.220532059669495,0.00024187696525034265,-0.05239996314048767,-0.11826406419277191
doc_0052,"DOW-UAP-PR21, Unresolved UAP Report, Iraq, May 2022",Department of War,PDF,0,17,15.727802515029907,0.03096025155204386,-0.21826894581317902,-0.09512490034103394
doc_0053,"DOW-UAP-PR22, Unresolved UAP Report, Syria, July 2022",Department of War,PDF,0,12,11.173554062843323,0.005401918890590986,-0.15306372940540314,-0.10114603489637375
doc_0055,"DOW-UAP-PR26, Unresolved UAP Report, United Arab Emirates, October 2023",Department of War,PDF,0,12,11.301690518856049,0.026042086591953558,-0.21539728343486786,-0.1229299008846283
doc_0056,"DOW-UAP-PR27, Unresolved UAP Report, United Arab Emirates, October 2023",Department of War,PDF,0,15,13.811146020889282,0.048859146980569215,-0.2199430763721466,-0.1189710795879364
doc_0054,"DOW-UAP-PR23, Unresolved UAP Report, Iraq, December 2022",Department of War,PDF,0,13,12.262159407138824,0.0017737644118358462,-0.19358573853969574,-0.09336066991090775
doc_0057,"DOW-UAP-PR31, Unresolved UAP Report, Syria, October 2024",Department of War,PDF,0,15,14.191567420959473,0.017415141498024672,-0.17959192395210266,-0.11456850171089172
doc_0058,"DOW-UAP-PR32, Unresolved UAP Report, Syria, October 2024",Department of War,PDF,0,19,17.661243677139282,0.020317665081028783,-0.17572492361068726,-0.11605260521173477
doc_0059,"DOW-UAP-PR33, Unresolved UAP Report, Syria, October 2024",Department of War,PDF,0,17,15.855093598365784,0.004595662339756511,-0.17342956364154816,-0.11489439010620117
doc_0060,"DOW-UAP-PR34, Unresolved UAP Report, Greece, October 2023",Department of War,PDF,0,9,8.419737935066223,0.006288801096508909,-0.17418646812438965,-0.10658130049705505
doc_0061,"DOW-UAP-PR35, Unresolved UAP Report, Greece, October 2023",Department of War,PDF,0,10,9.252769589424133,0.006772555027009595,-0.1706061214208603,-0.10783388465642929
doc_0063,Western US Event,Department of War,PDF,0,8,6.934043228626251,8.062565508344755e-05,-0.018450722098350525,-0.09771624952554703
doc_0062,"DOW-UAP-PR36, Unresolved UAP Report, Middle East, May 2020",Department of War,PDF,0,9,8.28576409816742,0.0001612513101668951,-0.07325724512338638,-0.1237972155213356
doc_0064,"DOW-UAP-D10, Mission Report, Middle East, May 2022",Department of War,VID,3,11,10.307506561279297,0.0,0.0017950471956282854,-0.2225174754858017
doc_0067,"DOW-UAP-D18, Mission Report, Iraq, December 2022",Department of War,VID,3,8,7.518511533737183,0.0,-0.01126240286976099,-0.21954743564128876
doc_0065,"DOW-UAP-D14, Mission Report, Iraq, May 2022",Department of War,VID,3,11,10.335759222507477,0.0011287591711682658,-0.0043984814547002316,-0.23016081750392914
doc_0069,"DOW-UAP-D32, Mission Report, Syria, October 2024",Department of War,VID,3,8,7.540312767028809,0.0,0.008462975732982159,-0.20652812719345093
doc_0070,"DOW-UAP-D33, Mission Report, Greece, October 2023",Department of War,VID,3,10,9.122346043586731,0.02209142949286463,-0.02352006547152996,-0.22675861418247223
doc_0066,"DOW-UAP-D16, Mission Report, Syria, July 2022",Department of War,VID,3,8,7.508714318275452,0.0,-0.04192085191607475,-0.24802537262439728
doc_0072,"DOW-UAP-D38, Range Fouler Debrief, Middle East, May 2020",Department of War,VID,3,8,7.339086949825287,0.0,-0.04124383255839348,-0.18496450781822205
doc_0071,"DOW-UAP-D35, Mission Report, Greece, October 2023",Department of War,VID,4,8,7.480216205120087,0.013706361364186084,-0.11216439306735992,-0.2691466212272644
doc_0075,"DOW-UAP-PR37, Unresolved UAP Report, Middle East, 2020",Department of War,VID,3,13,12.061825275421143,0.00024187696525034265,-0.05043099820613861,-0.24201947450637817
doc_0068,"DOW-UAP-D23, Mission Report, United Arab Emirates, October 2023",Department of War,VID,4,9,8.52958595752716,0.005885672821091671,-0.12236102670431137,-0.3027772307395935
doc_0074,"DOW-UAP-PR29, Unresolved UAP Report, United Arab Emirates, June 2024",Department of War,VID,4,10,9.417907357215881,0.06982181730226558,-0.12566563487052917,-0.2892664968967438
doc_0077,"DOW-UAP-PR39, Unresolved UAP Report, Middle East, 2020",Department of War,VID,3,13,12.118103206157684,0.01346448439893574,-0.03656476363539696,-0.24692031741142273
doc_0073,"DOW-UAP-PR28, Unresolved UAP Report, Greece, January 2024",Department of War,VID,4,10,9.389021456241608,0.0037087801338385874,-0.11742440611124039,-0.25836610794067383
doc_0080,"DOW-UAP-PR42, Unresolved UAP Report, Middle East, 2020",Department of War,VID,3,8,7.511787176132202,0.0,-0.050073087215423584,-0.21340765058994293
doc_0076,"DOW-UAP-PR38, Unresolved UAP Report, Middle East, 2013",Department of War,VID,4,10,9.458750426769257,0.0,-0.15106989443302155,-0.2481386959552765
doc_0081,"DOW-UAP-PR43, Unresolved UAP Report, Africa, 2025",Department of War,VID,3,12,11.030011773109436,0.1378698701926953,-0.019484518095850945,-0.21524405479431152
doc_0082,"DOW-UAP-PR44, Unresolved UAP Report, Middle East, 2020",Department of War,VID,3,9,8.273946106433868,0.005563170200757881,-0.06193777546286583,-0.20430782437324524
doc_0078,"DOW-UAP-PR40, Unresolved UAP Report, Middle East, 2020",Department of War,VID,4,9,8.557356059551239,0.0,-0.15673939883708954,-0.2828487455844879
doc_0084,"DOW-UAP-PR46, Unresolved UAP Report, INDOPACOM, 2024",Department of War,VID,3,14,12.881967604160309,0.07820688543094413,-0.012752285227179527,-0.223115935921669
doc_0083,"DOW-UAP-PR45, Unresolved UAP Report, Middle East, 2020",Department of War,VID,4,10,9.460576117038727,0.0,-0.08206156641244888,-0.2696808874607086
doc_0085,"DOW-UAP-PR47, Unresolved UAP Report, INDOPACOM, 2023",Department of War,VID,4,8,7.484426379203796,0.0,-0.10114781558513641,-0.22809872031211853
doc_0088,FBI Photo A1,FBI,IMG,5,8,7.646536946296692,0.0031444005482544543,0.3963366746902466,-0.014861268922686577
doc_0079,"DOW-UAP-PR41, Unresolved UAP Report, Middle East, 2020",Department of War,VID,4,10,9.507451295852661,0.00024187696525034265,-0.13579440116882324,-0.2872333824634552
doc_0089,FBI Photo A2,FBI,IMG,5,8,7.600960969924927,0.0,0.3850027620792389,-0.05057629197835922
doc_0090,FBI Photo A3,FBI,IMG,5,8,7.65572988986969,0.0,0.37963417172431946,-0.02234744466841221
doc_0091,FBI Photo A4,FBI,IMG,5,8,7.561025500297546,0.0,0.3955320119857788,-0.05123558267951012
doc_0093,FBI Photo A6,FBI,IMG,5,8,7.59550678730011,0.0,0.4049631953239441,-0.004288715310394764
doc_0092,FBI Photo A5,FBI,IMG,5,8,7.622807621955872,0.0,0.3960978090763092,-0.020459884777665138
doc_0094,FBI Photo A7,FBI,IMG,5,8,7.577690422534943,0.0,0.38047724962234497,-0.01554267667233944
doc_0095,FBI Photo A8,FBI,IMG,5,8,7.684143364429474,0.00024187696525034265,0.40018564462661743,-0.02465556003153324
doc_0096,65_HS1-101634279_100-DE-18221_Serial_844,FBI,PDF,1,8,7.044793486595154,0.0,-0.02334108203649521,0.2673202455043793
doc_0097,65_HS1-101634279_100-DE-26505,FBI,PDF,1,10,9.086509644985199,8.062565508344755e-05,-0.09582550078630447,0.27201905846595764
doc_0087,"DOW-UAP-PR49, Unresolved UAP Report, Department of the Army, 2026",Department of War,VID,4,10,9.418676972389221,0.0,-0.07403560727834702,-0.23711709678173065
doc_0086,"DOW-UAP-PR48, Unresolved UAP Report, INDOPACOM, 2024",Department of War,VID,4,8,7.5072590708732605,0.0,-0.15253259241580963,-0.2268960326910019
doc_0098,65_HS1-834228961_62-HQ-83894_SUB_A,FBI,PDF,1,10,9.640477359294891,0.0,-0.10648169368505478,0.34000924229621887
doc_0099,65_HS1-834228961_62-HQ-83894_Section_1,FBI,PDF,1,17,16.38961499929428,8.062565508344755e-05,-0.08342406153678894,0.34194216132164
doc_0100,65_HS1-834228961_62-HQ-83894_Section_10,FBI,PDF,1,21,19.699934661388397,0.0476497621543175,-0.08877168595790863,0.33251121640205383
doc_0101,65_HS1-834228961_62-HQ-83894_Section_2,FBI,PDF,1,16,15.48285049200058,0.008143191163428203,-0.08477959781885147,0.3335845172405243
doc_0102,65_HS1-834228961_62-HQ-83894_Section_3,FBI,PDF,1,9,8.77678006887436,0.0,-0.08581390976905823,0.33620700240135193
doc_0103,65_HS1-834228961_62-HQ-83894_Section_4,FBI,PDF,1,26,24.603412926197052,0.021607675562363943,-0.08768712729215622,0.34335240721702576
doc_0104,65_HS1-834228961_62-HQ-83894_Section_5,FBI,PDF,1,22,20.898545384407043,0.0027412722728372167,-0.08386392146348953,0.3349882960319519
doc_0105,65_HS1-834228961_62-HQ-83894_Section_6,FBI,PDF,1,28,26.335953950881958,0.024510199145368054,-0.08825720101594925,0.3392898440361023
doc_0106,65_HS1-834228961_62-HQ-83894_Section_7,FBI,PDF,1,21,19.99534523487091,0.0018543900669192937,-0.0899650901556015,0.34827205538749695
doc_0107,65_HS1-834228961_62-HQ-83894_Section_8,FBI,PDF,1,21,19.871757090091705,0.0022575183423365315,-0.09518510848283768,0.34190475940704346
doc_0108,65_HS1-834228961_62-HQ-83894_Section_9,FBI,PDF,1,23,21.505165815353394,0.09110699024429574,-0.0903632640838623,0.3386259377002716
doc_0109,65_HS1-834228961_62-HQ-83894_Serial_130,FBI,PDF,1,17,16.00800746679306,0.02467145045553495,-0.09204943478107452,0.32840293645858765
doc_0110,65_HS1-834228961_62-HQ-83894_Serial_153,FBI,PDF,1,8,7.486037313938141,0.0,0.003142495872452855,0.3044980466365814
doc_0111,65_HS1-834228961_62-HQ-83894_Serial_164,FBI,PDF,1,8,7.614594340324402,0.0,-0.09866885095834732,0.317211776971817
doc_0112,65_HS1-834228961_62-HQ-83894_Serial_220,FBI,PDF,1,8,7.401863932609558,0.0,-0.05545785278081894,0.3132714629173279
doc_0114,65_HS1-834228961_62-HQ-83894_Serial_438,FBI,PDF,1,8,7.509947896003723,0.0,-0.06526061147451401,0.32107213139533997
doc_0113,65_HS1-834228961_62-HQ-83894_Serial_403,FBI,PDF,1,8,7.2748918533325195,0.0,-0.03955665975809097,0.3151789903640747
doc_0115,65_HS1-834228961_62-HQ-83894_Serial_449,FBI,PDF,1,9,8.52169269323349,0.0,-0.07876143604516983,0.3595035970211029
doc_0118,FBI Photo B11,FBI,PDF,2,13,12.741177380084991,0.0008062565508344755,0.43033647537231445,-0.003004578175023198
doc_0117,FBI Photo B10,FBI,PDF,2,10,9.805201828479767,0.0,0.4195830821990967,-0.005456121172755957
doc_0116,FBI Photo B1,FBI,PDF,2,11,10.760460793972015,0.0,0.41202500462532043,-0.01040856447070837
doc_0119,FBI Photo B12,FBI,PDF,2,11,10.756276369094849,0.00024187696525034265,0.409368097782135,-0.014410817064344883
doc_0120,FBI Photo B13,FBI,PDF,2,11,10.619968235492706,0.0,0.3813309371471405,-0.008779502473771572
doc_0121,FBI Photo B14,FBI,PDF,2,14,13.4200798869133,0.010803837781181972,0.41178131103515625,-8.673879347043112e-05
doc_0122,FBI Photo B15,FBI,PDF,2,11,10.583224058151245,0.001612513101668951,0.39952555298805237,0.004667545203119516
doc_0123,FBI Photo B16,FBI,PDF,2,11,10.633940160274506,0.002015641377086189,0.40988385677337646,-0.004411744419485331
doc_0124,FBI Photo B17,FBI,PDF,2,8,7.801939845085144,0.0,0.40399622917175293,0.002070848597213626
doc_0126,FBI Photo B19,FBI,PDF,2,8,7.8048255443573,0.0,0.4257482588291168,0.014387191273272038
doc_0125,FBI Photo B18,FBI,PDF,2,9,8.675942718982697,0.0,0.37554410099983215,-0.008138385601341724
doc_0128,FBI Photo B20,FBI,PDF,2,11,10.746852099895477,0.006369426751592356,0.43668633699417114,0.00775265833362937
doc_0127,FBI Photo B2,FBI,PDF,2,14,13.70024985074997,0.002176892687253084,0.42108073830604553,0.0022942665964365005
doc_0130,FBI Photo B22,FBI,PDF,2,10,9.656527400016785,0.0,0.37638846039772034,-0.006472330540418625
doc_0129,FBI Photo B21,FBI,PDF,2,15,14.617923259735107,0.007175683302426832,0.4425506591796875,0.005254004150629044
doc_0131,FBI Photo B23,FBI,PDF,2,11,10.569883048534393,0.001612513101668951,0.39674049615859985,0.011237437836825848
doc_0132,FBI Photo B24,FBI,PDF,2,9,8.78575587272644,0.002338143997419979,0.4108998477458954,-0.008300218731164932
doc_0134,FBI Photo B4,FBI,PDF,2,11,10.768387973308563,8.062565508344755e-05,0.4241909384727478,-0.005641337484121323
doc_0133,FBI Photo B3,FBI,PDF,2,9,8.629338145256042,0.002660646617753769,0.3807855248451233,0.0022930880077183247
doc_0135,FBI Photo B5,FBI,PDF,2,8,7.794632315635681,0.0,0.4106740951538086,-0.005085837095975876
doc_0136,FBI Photo B6,FBI,PDF,2,9,8.621165454387665,0.0018543900669192937,0.3900047540664673,-0.004059706348925829
doc_0138,FBI Photo B8,FBI,PDF,2,8,7.803198754787445,0.0,0.44101446866989136,-0.00773044116795063
doc_0137,FBI Photo B7,FBI,PDF,2,8,7.796434044837952,0.0,0.4038819670677185,-0.0009753041085787117
doc_0139,FBI Photo B9,FBI,PDF,2,12,11.758913815021515,0.00024187696525034265,0.4343721270561218,-0.0034613721072673798
doc_0140,FBI September 2023 Sighting - Composite Sketch,FBI,PDF,2,8,6.764050006866455,0.0,0.15730710327625275,0.06962685286998749
doc_0141,FBI September 2023 Sighting - Serial 3,FBI,PDF,0,12,10.456838130950928,0.016689510602273642,-0.0749845802783966,0.097503162920475
doc_0142,FBI September 2023 Sighting - Serial 4,FBI,PDF,0,13,11.351067006587982,0.01249697653793437,-0.08654364198446274,0.07858603447675705
doc_0143,FBI September 2023 Sighting - Serial 5,FBI,PDF,0,12,10.551617920398712,0.08094815770378135,-0.0797090232372284,0.09798230230808258
doc_0144,"NASA-UAP-VM1, Apollo 12, 1969",NASA,IMG,1,8,7.303063094615936,0.0,0.09685857594013214,-0.016879208385944366
doc_0145,"NASA-UAP-VM2, Apollo 12, 1969",NASA,IMG,1,8,7.274239599704742,0.0,0.0662636086344719,0.023606879636645317
doc_0146,"NASA-UAP-VM3, Apollo 12, 1969",NASA,IMG,1,8,7.364291548728943,0.001612513101668951,0.07236708700656891,-0.0049544996581971645
doc_0147,"NASA-UAP-VM4, Apollo 12, 1969",NASA,IMG,1,8,7.311841070652008,0.0,0.09069419652223587,-0.024478603154420853
doc_0150,255_413270_UFO's_and_Defense_What_Should_we_Prepare_For,NASA,PDF,1,10,8.6623175740242,0.0008062565508344755,-0.12524819374084473,0.1943858414888382
doc_0149,"NASA-UAP-VM6, Apollo 17, 1972",NASA,IMG,1,8,7.324328601360321,0.00040312827541723773,0.07784486562013626,-0.007933388464152813
doc_0148,"NASA-UAP-VM5, Apollo 12, 1969",NASA,IMG,1,8,7.342343628406525,0.0,0.0724707618355751,0.008898983709514141
doc_0151,255_t_763_r1b_transcripts,NASA,PDF,1,9,7.916938424110413,0.0041119084092558255,-0.0767986848950386,0.18751880526542664
doc_0152,"NASA-UAP-D1, Apollo 12 Transcript, 1969",NASA,PDF,1,15,13.248526334762573,0.03281464161896315,-0.13529500365257263,0.15932786464691162
doc_0153,"NASA-UAP-D2, Apollo 17 Transcript, 1972",NASA,PDF,1,15,13.251313388347626,0.019027654599693623,-0.15433208644390106,0.15923309326171875
doc_0156,"NASA-UAP-D5, Apollo 17 Crew Debriefing for Science, 1973",NASA,PDF,1,8,7.145718574523926,0.0,-0.13466939330101013,0.19794191420078278
doc_0154,"NASA-UAP-D3, Gemini 7 Transcript, 1965",NASA,PDF,1,9,8.094657957553864,0.06063049262275256,-0.10805986076593399,0.17631345987319946
doc_0155,"NASA-UAP-D4, Apollo 11 Technical Crew Debriefing, 1969",NASA,PDF,1,15,13.253097236156464,0.03394340079013142,-0.14595405757427216,0.17927062511444092
doc_0157,"NASA-UAP-D6, Apollo 17 Technical Crew Debriefing, 1973",NASA,PDF,1,8,7.181468963623047,0.0,-0.11425627768039703,0.12879469990730286
doc_0159,255-t-763-r1b-excerpt,NASA,VID,1,8,6.5472108125686646,0.06151737482867048,0.03480393812060356,0.0025207523722201586
doc_0158,"NASA-UAP-D7, Skylab Techincal Crew Debriefing 1973",NASA,PDF,1,8,7.29779726266861,0.0,-0.14697960019111633,0.15310005843639374
